x0,x1,Start,Duration
-0.8319,-1.4381,97.5488,91.2104
-0.2507,-0.9972,97.9090,96.0530
-0.9889,0.1477,98.2228,97.5488
-0.0667,-0.1591,98.8806,99.3365
-0.8319,-1.3375,99.5455,91.7463
-0.9889,-0.0646,99.6372,96.7960
-0.4468,0.0906,99.8950,98.9594
-1.4009,0.7769,99.8953,98.4480
-1.0190,-0.3242,100.0194,95.6756
-0.5567,-1.1340,100.3156,94.1825
-1.0190,-0.3242,100.7234,95.6756
-1.7137,1.7532,101.0746,100.0717
2.7216,-2.8743,101.3009,99.8719
-0.1434,-1.4628,101.3649,94.8569
-0.5433,0.0906,102.3403,98.6768
-0.6632,-0.1387,102.3998,97.5762
-1.0604,-0.3242,102.9706,95.5230
0.4111,-3.0844,103.1388,92.9347
-0.5215,-0.4498,103.2230,96.9751
0.0073,-0.9972,103.7195,97.0319
-0.5215,0.2749,104.0852,99.2926
-1.0190,-0.3242,104.6382,95.6756
-0.2507,-1.8324,104.8707,92.8887
2.0588,0.0472,105.0991,106.7918
-1.4435,-0.3242,105.2504,94.0507
-1.2578,-0.4373,105.3664,94.2415
-1.3859,-0.9972,106.0634,90.4546
0.8405,-0.0553,106.1736,102.3198
0.3188,1.1101,106.7573,104.6382
-0.0198,1.8700,106.9409,105.7686
-0.9313,-0.6107,110.4118,94.7885
0.9403,0.4862,114.3254,104.7071
-0.9524,-2.4287,188.7592,84.1822
1.1354,-0.5406,191.2918,101.5947
-0.1434,-1.8517,193.9619,93.4248
-0.1434,-1.4628,194.4981,94.8569
-1.1517,-1.4381,195.6951,89.0926
1.8968,0.0559,195.7716,106.2609
2.9283,-0.5037,196.0735,106.1577
2.7640,0.6144,196.2219,114.3254
-0.0749,-1.2978,196.3991,95.7358
-0.0204,-0.5467,196.4332,98.3214
1.1354,-0.3265,196.5180,102.2712
-0.2212,-1.4628,197.7594,94.4860
-0.2201,-1.4628,198.2170,94.4912
-0.9313,-0.8985,198.3433,93.4466
1.9334,-0.0553,198.4936,105.7979
-0.2922,-2.2251,198.8544,90.9922
0.2803,0.9676,199.3011,103.9605
1.6756,0.9129,199.6079,110.6828
3.5640,0.6144,199.9760,118.1795
2.7293,0.6144,200.1982,114.1436
-0.1235,1.8700,200.3138,105.2504
-0.4674,1.8700,200.7515,103.7359
-1.1893,-1.8324,201.0171,86.0874
1.6299,0.9129,201.1463,110.4118
1.4713,0.6976,201.1727,108.1381
-0.0244,0.9676,203.3778,102.8149
-0.1434,-1.4628,205.2003,94.8569
0.2970,-1.8267,208.4933,95.6751
-0.1235,1.5002,211.3955,104.0885
-0.3918,-1.8324,211.8909,92.0377
2.5015,0.6144,212.7095,112.9389
-0.1434,-1.4628,219.0325,94.8569
-0.9524,-2.9457,272.9414,80.7988
-1.1517,-1.4381,284.7876,89.0926
1.6299,1.2426,287.1045,112.8967
-1.6058,-0.7414,287.3867,90.8934
1.3836,0.3491,289.3550,105.8350
2.7252,0.0472,289.8466,109.1786
-1.1893,-1.8324,291.7899,86.0874
0.9403,1.1941,292.1348,108.1207
1.6299,1.3700,292.2454,113.9313
-0.9524,-2.4287,292.7082,84.1822
-1.0763,-0.8985,292.8865,92.7255
0.5461,-1.4628,294.7545,97.5860
-0.9313,-0.2979,298.7891,96.0986
-1.1893,-2.5876,300.0573,80.4004
-1.4737,-1.0376,302.0324,89.6583
-0.0583,0.3435,302.2312,100.8349
1.6299,0.9129,303.2616,110.4118
0.9403,0.8008,303.9286,106.1245
-0.2212,-1.1001,304.1685,95.8097
-1.0079,-2.7432,304.2915,81.4535
-0.2922,-2.2251,304.4873,90.9922
-0.7295,-0.9131,305.5642,94.3310
1.6299,0.9129,306.1927,110.4118
-0.2922,-1.9775,309.3108,92.0402
2.7226,-0.1997,310.2907,107.4591
1.6756,0.9129,310.5472,110.6828
1.4713,1.0383,311.5581,110.3316
1.7607,0.1190,313.8894,106.1047
-0.9524,-2.4287,314.3418,84.1822
1.9334,0.4717,315.4840,108.9426
1.9442,0.6144,318.1555,110.0007
3.5640,0.6144,325.6484,118.1795
1.9334,-0.0553,353.7402,105.7979
-0.9524,-3.1947,373.8802,79.2514
1.9362,0.9129,376.8904,112.2721
1.6084,-0.0553,377.8773,104.7277
-1.1893,-1.6484,378.2801,87.3947
1.9334,-0.0553,380.4577,105.7979
-2.3988,-2.2132,385.6120,68.7529
-1.1893,-2.5876,385.7450,80.4004
-0.7585,-2.4287,391.6908,86.1131
-0.9524,-1.9279,392.3405,87.4530
-1.1893,-1.8324,394.8877,86.0874
-0.9524,-2.3592,395.1900,84.6421
-1.4284,-3.0402,395.4795,73.5145
-1.1893,-1.5334,398.5240,88.1870
-1.0079,-3.0643,399.0252,79.3243
2.7640,0.6144,399.8952,114.3254
-1.5279,-3.0826,399.9782,71.6112
-0.9524,-1.5645,400.0013,89.6982
-1.9079,-1.0697,400.2555,86.5910
2.9757,0.2375,401.3510,111.6696
-1.4737,-0.9908,403.0661,89.9762
-1.1905,-1.8324,406.1767,86.0773
-1.4908,-0.6111,410.0531,92.2804
1.4888,0.9129,413.6735,109.5910
-0.9524,-2.4287,416.6045,84.1822
-1.0435,-1.8324,417.7498,87.3192
2.5057,0.2595,419.9941,109.9502
1.9408,0.9129,421.2300,112.3008
1.6299,0.5057,421.8897,107.7472
-0.9626,-2.4287,424.4267,84.0763
-0.9524,-2.4287,428.1562,84.1822
2.3113,0.6496,443.8279,112.2312
3.5030,0.2537,453.1315,113.7525
-1.0060,-1.8324,454.3650,87.6261
-0.4686,-3.3528,459.5380,84.4636
2.7293,0.6144,465.6749,114.1436
-1.0444,-2.4764,466.1454,82.8780
-0.6109,-2.5876,468.9940,86.6377
-1.0879,-1.6671,471.5894,88.0594
1.6756,1.5105,477.8039,115.4989
-1.0079,-3.0643,478.3495,79.3243
-0.9524,-2.7567,479.7935,82.0198
-1.5279,-3.0826,479.8321,71.6112
-1.8232,-2.7432,480.9751,70.3432
2.7293,1.2549,482.6050,121.5183
0.0180,-2.7872,486.2555,91.0913
-1.0372,-2.6330,486.7109,81.8651
-1.1893,-1.9164,486.8465,85.4758
2.7293,0.3897,489.1625,112.0069
-1.1148,-3.1947,489.6995,76.9920
-0.6591,-2.9457,492.2540,84.2485
-3.3508,-2.2132,493.0424,56.7878
-0.9524,-3.1947,500.7867,79.2514
3.3808,0.5206,502.3335,116.2534
-1.3588,-3.1947,505.0690,73.3428
-1.5279,-3.0826,508.5030,71.6112
-1.5279,-2.9758,512.3384,72.5550
1.9935,0.6144,513.0206,110.2561
-0.9524,-3.0222,514.2206,80.3149
-2.5410,-2.2132,523.2645,66.8967
-0.9524,-2.3592,529.6369,84.6421
-2.3988,-2.6369,529.9443,62.7815
-0.9524,-3.1947,533.5308,79.2514
-1.3690,-3.3693,541.9910,71.8607
-1.6793,-3.1104,544.0016,68.9102
-1.0079,-2.7432,549.0234,81.4535
1.9100,-0.0119,549.8302,105.9455
-1.1036,-2.3063,551.3183,83.4592
-0.6066,-3.0643,551.4433,84.2243
-1.5829,-3.0402,555.6317,71.1194
-1.0079,-3.0643,556.0591,79.3243
-1.6727,-2.6902,557.6738,73.1103
-1.4284,-3.0402,559.6489,73.5145
-0.9524,-2.3592,561.8132,84.6421
-1.6206,-3.6097,566.6915,65.6473
-1.0684,-1.9095,566.8841,86.5906
-1.0173,-1.7278,568.5760,88.2108
-1.5323,-1.8374,572.3223,82.9110
-1.5279,-3.0826,576.5025,71.6112
-3.3508,-2.2132,577.3469,56.7878
-1.8700,-2.7432,578.4119,69.6337
-1.2510,-2.9125,579.8185,77.1057
-3.0538,-2.2132,580.0381,60.3289
-0.8967,-3.0402,580.1142,80.9115
-1.8145,-2.9457,584.8933,68.3329
-1.4794,-2.9758,590.1612,73.2904
-3.8104,-2.2132,592.7258,52.0303
-1.5279,-2.5138,593.3028,76.7873
-0.5644,-3.6071,594.5355,82.2792
-2.3988,-2.2132,601.1694,68.7529
-1.8232,-2.7432,604.1233,70.3432
-1.0079,-2.7432,612.7822,81.4535
-1.8232,-2.7432,612.9118,70.3432
-1.3690,-3.3693,613.8517,71.8607
-1.0079,-2.7432,614.2790,81.4535
-3.5301,-2.4870,618.5870,49.2445
-2.5410,-2.2132,623.2767,66.8967
-0.9524,-2.9457,626.7511,80.7988
-2.0492,-2.2132,630.4769,73.2588
-1.0079,-3.0138,630.7841,79.6521
-1.8535,-2.2132,632.3388,75.7034
-1.6211,-3.3693,633.1633,67.5818
-1.5279,-3.0826,634.1347,71.6112
-1.4090,-3.0476,634.7775,73.7471
-1.6645,-3.0818,635.3835,69.4231
-1.5097,-2.7432,635.6676,74.9209
-1.3690,-3.4205,640.3670,71.4872
-3.8104,-2.3427,644.7561,49.2467
-3.3508,-2.3592,646.4553,53.9568
-4.0916,-2.2132,648.0456,49.7104
-1.3690,-3.3693,648.1137,71.8607
-2.2001,-3.6097,653.2262,54.2450
-1.8300,-3.4234,653.4747,63.3223
-3.3508,-2.2109,655.2333,56.8310
-2.4626,-2.2132,655.7757,67.9208
-1.8145,-2.9457,656.7868,68.3329
-4.2604,-2.2132,656.9242,48.5780
-1.9558,-1.8995,661.0257,77.9645
-1.2576,-2.7432,663.4516,78.3365
-1.0277,-3.2016,667.8315,78.1775
-2.3633,-2.6369,669.9223,63.3315
-2.4353,-3.0806,670.0901,56.0038
-3.3508,-2.2132,674.4665,56.7878
-1.8145,-2.9457,676.8146,68.3329
-3.5301,-2.4870,683.2550,49.2445
-3.5301,-2.4870,685.7124,49.2445
-1.6082,-2.1287,690.1734,79.4520
-1.6644,-3.3693,694.0028,66.8171
-3.3508,-2.2132,694.2357,56.7878
-1.8700,-2.7432,695.7325,69.6337
-1.3690,-2.7663,697.7560,76.6658
-3.6148,-2.1061,700.4122,56.1144
-3.8104,-1.8643,700.7451,59.3410
-3.2913,-2.2132,703.7357,57.4738
-4.0916,-2.2931,704.8065,47.9124
-3.8104,-1.9773,705.5022,57.0130
-1.8700,-2.9676,705.7459,67.1976
-4.2604,-1.9425,707.4712,54.6921
-3.8138,-2.1906,707.5498,52.4811
-2.7860,-3.1523,708.0422,48.5900
-3.8104,-2.2737,708.5246,50.7325
-4.2604,-2.2132,710.4363,48.5780
-3.8104,-1.7870,710.5885,60.9076
-1.6979,-2.5554,711.8542,74.1155
-2.0397,-2.9457,712.0643,64.6202
-2.3988,-1.8505,716.7970,73.7096
-3.5301,-2.3238,719.9744,52.5703
-2.3988,-2.6369,723.6966,62.7815
-4.2604,-1.8463,725.1197,56.8068
-3.6506,-2.2132,726.0939,53.5626
-4.2604,-2.2132,731.2543,48.5780
-3.6339,-2.3427,732.4995,51.0454
-4.1286,-2.2132,733.2538,49.4447
-3.2021,-2.2132,734.9569,58.5253
-2.3988,-2.7325,738.9902,61.4374
-3.1507,-2.8807,741.7881,46.8987
-3.8104,-2.3427,745.1475,49.2467
-3.2169,-2.3421,746.0089,55.9422
-4.0916,-1.5796,751.0235,63.2872
-4.2604,-2.2132,752.7189,48.5780
-4.0916,-2.2132,756.5266,49.7104
-3.6863,-2.6169,756.6322,44.7031
-4.3134,-2.3449,759.0142,45.2112
-3.5301,-2.4870,759.2571,49.2445
-5.5839,-2.6092,760.0310,38.4023
-4.2604,-2.3597,760.0862,45.1993
-3.4174,-1.8456,760.8199,63.0865
-4.0916,-2.2378,761.2095,49.1566
-3.7902,-3.0353,762.1633,34.6819
-4.1883,-2.2931,762.5152,47.2141
-4.2604,-2.1921,765.3662,49.0614
-2.7860,-4.2638,769.6254,35.3077
-3.7468,-2.2931,771.4961,50.9287
-3.8104,-3.5482,772.5446,24.5609
-2.7860,-3.0616,772.9436,49.9836
-3.3508,-1.7000,774.4218,66.3489
-4.1892,-1.7202,776.6845,59.8787
-3.5233,-3.0914,779.6566,37.2433
-4.0916,-2.2132,779.8323,49.7104
-4.0916,-2.3946,781.9265,45.6147
-4.0916,-1.5081,782.6985,64.7111
-4.9463,-2.2132,783.5449,46.2892
-4.0685,-1.9294,785.9697,56.1226
-3.6518,-2.2628,786.4781,52.5195
-4.2604,-2.2132,788.6868,48.5780
-4.2464,-2.2582,790.5066,47.6314
-3.1507,-2.8807,793.4822,46.8987
-4.6673,-2.2931,794.3942,44.8470
-3.9785,-3.2975,796.8452,27.0479
-3.7902,-2.8578,797.1056,38.3826
-3.2496,-3.5482,798.4333,33.8836
-4.2604,-2.2132,800.4275,48.5780
-4.2553,-1.4426,801.2969,65.2470
-4.0916,-1.8151,801.3353,58.4216
-3.3295,-2.3427,801.9511,54.5374
-4.0916,-1.4264,804.2254,66.3041
-2.7860,-4.2638,804.9331,35.3077
-3.7902,-3.6624,805.2855,22.9123
-3.9600,-1.7383,806.2370,60.8491
-2.7860,-4.2638,808.5016,35.3077
-3.8104,-3.5482,809.7293,24.5609
-4.2604,-2.6735,810.3661,37.9219
-4.2604,-2.3597,814.3107,45.1993
-3.8104,-2.3233,814.4276,49.6641
-3.2636,-3.0914,816.8998,41.2967
-3.7902,-3.0353,822.4248,34.6819
-4.2604,-2.7148,822.9272,36.9694
-3.7902,-3.0353,823.8931,34.6819
-2.1307,-4.2919,823.9064,50.2811
-3.8126,-2.2378,827.5413,51.4812
-4.0916,-1.7994,828.1978,58.7540
-2.7860,-5.0860,829.5427,32.4800
-3.7902,-3.0353,829.8341,34.6819
-4.0916,-2.2931,832.3168,47.9124
-4.0180,-3.3383,834.2902,25.7739
-4.2604,-3.1559,835.4882,27.0805
-3.8104,-3.5482,836.5633,24.5609
-4.1373,-3.5482,837.2647,20.4000
-4.2604,-2.2132,838.1380,48.5780
-3.8104,-3.5482,838.9976,24.5609
-3.7902,-3.9326,839.2411,18.7991
-3.9785,-3.2975,840.2408,27.0479
-4.2604,-2.3597,840.3809,45.1993
-3.8104,-3.5482,840.7706,24.5609
-3.1152,-4.0846,842.0923,29.6195
-3.8104,-3.8294,843.8093,19.9766
-3.4716,-3.5342,847.4096,30.1472
-3.7902,-2.8578,848.2880,38.3826
-3.8656,-2.8578,849.0055,37.5048
-4.0916,-2.2931,856.4885,47.9124
-2.7860,-4.2638,857.1067,35.3077
-3.9785,-3.5027,857.6648,23.1129
-4.2604,-3.2768,858.0402,24.5203
-3.6141,-2.3597,858.1966,50.9053
-3.7902,-2.9261,858.5750,36.9474
-3.4590,-2.2132,859.5101,55.5766
-3.4024,-3.5482,859.7569,31.1215
-4.6559,-3.5482,859.8966,16.3132
-4.2604,-2.7985,860.0641,35.0461
-3.8357,-2.8578,861.1242,37.8474
-3.7902,-3.6624,862.0227,22.9123
-3.9111,-2.8578,862.5687,36.9974
-4.6599,-4.3848,863.5585,3.8759
-3.7902,-2.8578,863.7859,38.3826
-4.6118,-3.5482,864.0917,16.5295
-3.4645,-2.8970,864.5161,41.8680
-3.7902,-3.9780,865.3316,18.1802
-4.2604,-2.9466,866.5439,31.6872
-2.8548,-3.8294,867.0861,37.9857
-4.6504,-3.9326,867.2886,9.6001
-3.8104,-3.5482,867.4344,24.5609
-4.6244,-4.0982,870.5295,7.3504
-4.1373,-3.5715,871.7118,19.9722
-4.0230,-1.8854,874.1875,57.3659
-4.2604,-2.3410,876.2098,45.6332
-4.2604,-2.3597,876.8887,45.1993
-4.6504,-3.9326,877.5568,9.6001
-5.0543,-4.2831,877.8799,4.0504
-4.6244,-3.9236,879.0225,9.8756
-4.6972,-4.6092,880.2293,1.9367
-4.1945,-3.2621,880.6212,25.4371
-3.8104,-3.8294,880.7777,19.9766
-3.8104,-3.8294,881.9303,19.9766
-3.4575,-3.9326,882.1660,24.5348
-4.6504,-3.9326,882.5605,9.6001
-3.8561,-3.5027,883.5117,24.7268
-3.7902,-3.8322,884.9350,20.2433
-3.9785,-3.5027,885.5803,23.1129
-4.0230,-4.2500,886.5103,11.4283
-3.8104,-3.5482,886.6707,24.5609
-4.0952,-3.9422,886.7159,14.3584
-4.6599,-4.3848,886.9518,3.8759
-4.1239,-4.6092,887.1569,7.0986
-4.0044,-4.0982,888.8980,13.4427
-4.2165,-5.2872,890.8276,5.4183
-3.8755,-5.3124,890.8784,10.3237
-4.6504,-4.0475,891.6840,7.9050
-3.6146,-3.5027,891.9953,28.3165
-4.6504,-3.9326,892.1606,9.6001
-4.6244,-4.6728,892.4144,1.9655
-3.7887,-4.3848,894.2555,13.7281
-3.9785,-3.7389,894.3799,18.9986
-3.9585,-3.5577,895.1102,22.3685
-4.6504,-3.9326,895.5224,9.6001
-4.8601,-3.9236,896.2459,8.9954
-3.6947,-3.5482,897.9386,26.2820
-3.5352,-3.5482,898.2311,28.8428
-5.1069,-4.6728,898.9715,0.9434
-5.1762,-3.7116,899.5662,12.6525
-4.6599,-4.3848,899.5890,3.8759
-5.1069,-4.2372,899.9150,4.6357
-4.6244,-4.6728,900.7543,1.9655
-5.4510,-4.0982,901.0744,7.8114
-5.1069,-4.7455,901.2022,0.6075
-4.6244,-5.4309,901.7607,2.5799
-3.8552,-3.5027,901.8097,24.7387
-5.1069,-4.7455,901.9069,0.6075
-4.6972,-4.6092,902.1686,1.9367
-3.8242,-4.0067,902.3407,17.2664
-4.2036,-4.3848,902.5144,7.7821
-4.4851,-4.3848,902.7198,5.0181
-5.3876,-4.8869,903.4649,1.2959
-4.6972,-4.6092,904.1053,1.9367
-5.4435,-4.6092,904.3406,2.7572
-4.8890,-4.7455,904.4010,0.6147
-4.6244,-4.3712,904.5507,4.2010
-4.6009,-4.3848,904.7608,4.2109
-4.5169,-4.6092,905.0156,3.0419
-4.6972,-3.9653,905.0719,8.8787
-4.6599,-4.3848,905.1225,3.8759
-3.4678,-4.1725,905.1783,21.5417
-5.2554,-4.7455,905.2412,1.0346
-4.9789,-4.6092,906.0420,1.2182
-4.6599,-4.0765,906.0583,7.4557
-4.6972,-4.6092,906.2758,1.9367
-4.7362,-4.0750,906.3841,7.1343
-4.6972,-4.6092,906.7008,1.9367
-4.6972,-4.8551,907.0978,0.8974
-4.6844,-5.3934,907.2602,2.0143
-5.1069,-4.6728,907.7379,0.9434
-4.6162,-4.6092,907.9836,2.3721
-4.6972,-4.6092,907.9952,1.9367
-4.8418,-4.6092,908.0576,1.4123
-4.6972,-4.6092,908.2125,1.9367
-5.5065,-4.5704,908.2385,3.4669
-4.6972,-4.4869,908.6375,2.7995
-4.6972,-4.6092,908.6814,1.9367
-4.6355,-4.8033,908.6932,1.3632
-4.6972,-4.5637,908.7517,2.2315
-5.1069,-4.7455,908.8858,0.6075
-5.2554,-4.6630,908.9717,1.4205
-5.0061,-4.8388,908.9984,0.2079
-5.1069,-4.7455,909.1019,0.6075
-5.1069,-4.7455,909.2063,0.6075
-4.2818,-4.0982,909.2745,10.0870
-5.0930,-4.6092,909.4698,1.2830
-5.2554,-4.7455,909.4933,1.0346
-5.1069,-5.4422,909.7094,1.6417
-4.5234,-4.1918,909.8138,6.8005
-4.6972,-4.9612,909.9319,0.7429
-5.5452,-4.9637,910.0564,2.3600
-4.3919,-4.8388,910.1492,3.1168
-4.6634,-4.6092,910.2965,2.1060
-5.4496,-4.7455,910.3556,2.1126
-4.3391,-4.6092,910.3922,4.6068
-5.4084,-4.8373,910.5279,1.5341
-5.1069,-4.7536,910.6181,0.5756
-5.2554,-4.4143,910.6748,3.2136
-5.1069,-4.7455,910.7528,0.6075
-5.8273,-4.6092,910.9832,6.4784
-4.9922,-5.1101,911.1936,0.0974
-5.2395,-4.7455,911.2316,0.9723
-5.4599,-4.7455,911.2910,2.1858
-4.6562,-4.8551,911.3511,1.1074
-5.1069,-4.7536,911.3603,0.5756
-4.7463,-4.5518,911.4370,2.0994
-4.3984,-4.7930,911.7054,3.1868
-5.7507,-5.4750,911.9359,6.1177
-5.7564,-5.4396,912.0620,5.9389
-5.1069,-4.7455,912.2039,0.6075
-5.2395,-4.7455,912.2187,0.9723
-5.0061,-4.8388,912.4025,0.2079
-5.1069,-4.7455,912.4164,0.6075
-4.0348,-5.0590,912.4585,7.2072
-5.1069,-4.7536,912.4682,0.5756
-5.1069,-4.7455,912.6104,0.6075
-5.2395,-4.3652,912.8114,3.6163
-4.8052,-4.7455,913.0239,0.8182
-5.4155,-5.4249,913.0438,2.7858
-5.1069,-4.5012,913.1910,2.0602
-5.1069,-4.0861,913.2179,6.5487
-5.1993,-4.7455,913.2660,0.8323
-5.2395,-4.7455,913.3786,0.9723
-5.2574,-4.6034,913.4768,1.7723
-5.1069,-3.9267,913.5139,8.8868
-4.6717,-4.8202,913.5184,1.1148
-4.9038,-4.7455,913.5364,0.5903
-5.0061,-4.8388,913.8421,0.2079
-5.2395,-4.7455,913.8884,0.9723
-5.6322,-4.7455,913.9506,3.6471
-5.7415,-4.9068,914.0500,4.3699
-5.1069,-5.0372,914.0984,0.1024
-4.7161,-4.8388,914.1267,0.8491
-5.0061,-4.8388,914.2007,0.2079
-5.1069,-4.6142,914.3509,1.2738
-4.9922,-4.9233,914.4086,0.0476
-5.1069,-4.7455,914.4562,0.6075
-5.0061,-4.6653,914.6332,0.8924
-5.1663,-4.7455,914.8607,0.7364
-5.0061,-4.8388,914.8923,0.2079
-5.1069,-4.7455,914.9758,0.6075
-5.0318,-4.9233,914.9990,0.0552
-5.0115,-4.8388,915.0541,0.2086
-5.0061,-4.8388,915.0637,0.2079
-4.9922,-5.1721,915.0867,0.2372
-5.1069,-4.7455,915.1001,0.6075
-4.5015,-4.8007,915.2491,2.2793
-5.0061,-4.8308,915.2511,0.2292
-4.2203,-4.7455,915.2628,5.2393
-4.9922,-5.1101,915.2716,0.0974
-4.8174,-5.0096,915.3239,0.2671
-4.9941,-4.8572,915.3690,0.1633
-5.1069,-5.2601,915.4803,0.6304
-6.2288,-4.7285,915.5256,11.8992
-4.6785,-5.0372,915.5323,0.8342
-5.3087,-4.8388,915.5833,0.9656
-5.3641,-4.8388,915.5909,1.2603
-4.2690,-4.0974,915.5971,10.2313
-4.9637,-5.0372,915.6247,0.0216
-5.1162,-5.1403,915.6463,0.2651
-4.9333,-4.9233,915.7077,0.0826
-4.7665,-5.0372,915.7903,0.4464
-4.9158,-6.0272,915.8296,8.1464
-6.2948,-5.1239,915.9114,12.6590
-4.9969,-4.8388,916.1107,0.2077
-5.0061,-4.8388,916.2367,0.2079
-4.9969,-4.8388,916.3184,0.2077
-3.9913,-4.8388,916.3665,8.0093
-4.9637,-5.0372,916.4277,0.0216
-4.4914,-4.8572,916.4446,2.2078
-5.0061,-4.9579,916.4493,0.0145
-4.6266,-4.9579,916.4638,1.1233
-4.9969,-4.8493,916.5261,0.1817
-5.2292,-5.2499,916.5489,0.9159
-5.6262,-4.9676,916.6142,3.0969
-4.8264,-5.0372,916.7078,0.2518
-5.5322,-4.8388,916.8512,2.4430
-4.9969,-4.1488,916.9596,5.6319
-5.0061,-4.8388,917.4616,0.2079
-4.9969,-4.4453,917.4648,2.4316
-5.0061,-4.8388,917.4786,0.2079
-5.5805,-5.4041,917.5284,3.9233
-4.9922,-4.4882,917.5871,2.0743
-5.1189,-4.8388,917.5977,0.3204
-4.9941,-4.8572,917.6695,0.1633
-4.7498,-4.8493,917.6865,0.6802
-5.0061,-4.8388,917.8328,0.2079
-5.0303,-4.8388,917.9181,0.2149
-5.1754,-4.6317,918.0010,1.3224
-4.4263,-5.1450,918.0407,2.7623
-4.9922,-4.8902,918.0536,0.0969
-4.9922,-5.1101,918.1331,0.0974
-5.0061,-4.6648,918.1505,0.8950
-5.0928,-4.8388,918.2305,0.2763
-4.9922,-4.9233,918.3667,0.0476
-4.9969,-4.8388,918.4143,0.2077
-4.9922,-4.9233,918.4199,0.0476
-4.9969,-5.0743,918.4675,0.0443
-4.9941,-3.9328,918.5068,8.7089
-5.9846,-4.5348,918.5117,9.0504
-4.9922,-5.9555,918.6220,7.0437
-4.9969,-5.0719,918.6524,0.0414
-5.2822,-4.2559,918.6938,4.9398
-4.9969,-4.8388,919.0454,0.2077
-4.9922,-5.9033,919.2531,6.3203
-4.9969,-5.5462,919.2942,2.3587
-4.9969,-4.5843,919.3234,1.3733
-4.9969,-4.2457,919.3615,4.4495
-4.9969,-5.2404,919.6071,0.4612
-5.0696,-4.9579,919.6614,0.0529
-4.5352,-4.0240,919.6657,8.9256
-5.1069,-5.2680,919.7112,0.6637
-4.9969,-5.3916,919.7143,1.2192
-4.9922,-4.1794,919.7666,5.2449
-5.3859,-4.8902,919.8964,1.2794
-4.9969,-5.0719,920.0683,0.0414
-5.5665,-4.9579,920.1097,2.5485
-4.9922,-4.9233,920.3118,0.0476
-4.9922,-5.1101,920.3594,0.0974
-4.9969,-5.3569,920.3749,1.0138
-4.9922,-4.0762,920.4568,6.6000
-4.9969,-5.0719,920.5021,0.0414
-4.9922,-5.3212,920.5436,0.8223
-4.5271,-5.0719,920.6966,1.8136
-4.9592,-5.6274,920.8030,3.1132
-4.9969,-5.0719,920.9335,0.0414
-4.6931,-5.0719,920.9749,0.7916
-5.0696,-4.9579,921.1758,0.0529
-4.9627,-5.2259,921.2287,0.4185
-4.9922,-5.3312,921.3658,0.8743
-5.4391,-4.9961,921.3887,1.5308
-4.9969,-4.2227,921.4517,4.7182
-3.9155,-5.4236,921.6472,10.2768
-4.7133,-4.9233,921.6530,0.7024
-5.0061,-4.8388,921.7666,0.2079
-5.0061,-4.7865,921.8430,0.3644
-5.4590,-4.9233,921.9745,1.7179
-4.9922,-4.9233,922.0880,0.0476
-4.3588,-5.0719,922.1356,3.2752
-5.1896,-5.2327,922.2074,0.7184
-4.3676,-4.9579,922.2401,3.1624
-5.0061,-4.8388,922.3554,0.2079
-4.9922,-4.9233,922.4007,0.0476
-4.9969,-5.0719,922.4483,0.0414
-5.6691,-4.8388,922.4897,3.7188
-5.1961,-5.3709,922.5102,1.3985
-4.9969,-5.0719,922.5632,0.0414
-4.9969,-4.7993,922.5915,0.3219
-4.9969,-5.0719,922.6047,0.0414
-4.9922,-4.6573,922.6461,0.9359
-4.6423,-6.1185,922.6582,10.4458
-4.9922,-4.9233,922.9133,0.0476
-5.0061,-4.4577,922.9195,2.3258
-6.2234,-4.6293,922.9258,12.2547
-4.9969,-5.0719,922.9609,0.0414
-5.2970,-5.3231,923.0023,1.5292
-5.1584,-4.9087,923.5820,0.2669
-4.7625,-4.8791,923.6335,0.5666
-4.9969,-5.0719,923.6924,0.0414
-4.9922,-4.9233,923.7338,0.0476
-4.6898,-4.9278,923.7814,0.8080
-4.5119,-5.1101,923.8110,1.9827
-4.9922,-5.9449,923.8489,6.8935
-5.0571,-4.9233,923.9087,0.0731
-4.0221,-4.9233,923.9161,7.4085
-4.9922,-4.9233,923.9760,0.0476
-4.9969,-4.1348,923.9818,5.8128
-4.9922,-5.1101,924.0236,0.0974
-4.9969,-5.1147,924.1210,0.1054
-4.9969,-5.0719,924.2001,0.0414
-4.8370,-5.9607,924.2206,7.3153
-4.4923,-5.1101,924.2263,2.1357
-4.6991,-4.4252,924.2415,3.3110
-4.7887,-5.0183,924.3758,0.3591
-5.2917,-4.7157,924.5315,1.3184
-4.6598,-5.0055,924.5893,0.9219
-5.3362,-5.5976,924.7348,3.6917
-4.9922,-4.9233,925.0115,0.0476
-4.7612,-5.6952,925.0591,4.2307
-5.8134,-5.0719,925.2452,5.1944
-4.9922,-4.9233,925.4026,0.0476
-5.2012,-4.8042,925.4108,0.6287
-4.8868,-5.2834,925.4501,0.7422
-5.0061,-4.9579,925.5112,0.0145
-4.9969,-4.7621,925.5257,0.4518
-4.9969,-5.3116,925.5733,0.7737
-4.7007,-5.4738,925.6657,2.4809
-5.1738,-5.0719,925.7936,0.2825
-4.7924,-4.4843,925.8284,2.4422
-4.9969,-4.4935,925.8500,2.0317
-4.9730,-5.4409,925.9775,1.5486
-5.0156,-4.9579,926.0395,0.0161
-4.5468,-5.0719,926.0556,1.6701
-5.0156,-5.5619,926.0761,2.4963
-4.5032,-5.1580,926.1699,2.1510
-5.0061,-4.9233,926.1923,0.0474
-4.3500,-4.9579,926.2085,3.3369
-4.9922,-5.1611,926.2397,0.2079
-5.0061,-4.9579,926.3470,0.0145
-5.1794,-5.5348,926.3615,2.5131
-3.7887,-5.8841,926.3620,16.4663
-4.9514,-4.4782,926.4475,2.1731
-5.0061,-4.8388,926.5483,0.2079
-4.9605,-4.9579,926.7200,0.0266
-5.0061,-4.9579,926.7467,0.0145
-5.7132,-5.6412,926.7562,7.0939
-4.9969,-5.0719,926.7611,0.0414
-5.0156,-4.9579,926.8026,0.0161
-5.5229,-4.9579,926.8187,2.1774
-5.3331,-4.2345,927.0567,5.4234
-5.0061,-5.5219,927.0739,2.1554
-5.0153,-4.2106,927.2158,4.8644
-4.6184,-4.9233,927.4248,1.2047
-4.9969,-5.0719,927.5260,0.0414
-4.9605,-4.5198,927.5526,1.8398
-6.1412,-5.2072,927.5621,10.2040
-4.9969,-4.3925,927.5675,2.9098
-5.0061,-4.9233,927.7258,0.0474
-4.7649,-4.0191,927.7731,7.8170
-3.9119,-5.4304,927.8817,10.3753
-4.9922,-4.9233,928.1465,0.0476
-5.1773,-4.3572,928.1941,3.4942
-5.0156,-4.6088,928.2706,1.2191
-4.6024,-4.9579,928.3209,1.2710
-4.2423,-5.1545,928.4266,4.6717
-4.9969,-5.0951,928.5704,0.0724
-5.0156,-5.3070,928.5725,0.7531
-4.4426,-4.9579,928.5913,2.4690
-5.6872,-5.1844,928.6207,3.9695
-4.9969,-5.0719,928.6295,0.0414
-5.3402,-4.9579,928.6428,0.9355
-5.0061,-5.7448,928.6710,4.3409
-4.9969,-5.0719,928.8746,0.0414
-4.9969,-5.0719,928.9160,0.0414
-5.5203,-5.0719,928.9574,2.1825
-4.5850,-4.9579,928.9961,1.3824
-5.1594,-4.9689,929.2294,0.2108
-4.9605,-4.9579,929.2897,0.0266
-5.0061,-4.9579,929.3164,0.0145
-4.8233,-4.8162,929.3255,0.5185
-4.8953,-4.9579,929.3308,0.1019
-4.9128,-4.2035,929.3924,5.0065
-5.2021,-5.1513,929.4327,0.5084
-4.9605,-5.7007,929.4402,3.8636
-5.0156,-4.5573,929.4896,1.5575
-5.0156,-4.4147,929.5454,2.7054
-4.9969,-5.0719,929.5783,0.0414
-4.3074,-4.0231,929.5919,10.8391
-5.6875,-4.2681,929.6197,7.7493
-5.0156,-5.2654,929.7946,0.5637
-5.0061,-4.9579,929.8440,0.0145
-4.9922,-4.9233,929.8585,0.0476
-4.0904,-4.0201,929.9061,13.3245
-4.9605,-5.6580,929.9411,3.4163
-5.0061,-4.9579,930.3583,0.0145
-4.9922,-5.4644,930.3728,1.7112
-4.9969,-5.0719,930.3784,0.0414
-5.0156,-5.9557,930.4198,7.0483
-5.0061,-4.9579,930.4397,0.0145
-5.0061,-5.4573,930.4541,1.6591
-5.1239,-4.3082,930.4773,3.8744
-4.4048,-5.0078,930.7424,2.7953
-4.9969,-4.6469,931.0472,0.9927
-4.3669,-4.9579,931.0603,3.1691
-5.5791,-4.9306,931.1400,2.6846
-4.4585,-4.9579,931.3246,2.3320
-4.8750,-4.9579,931.5359,0.1391
-5.0061,-3.9308,931.5534,8.7397
-5.2502,-5.4982,931.6750,2.4558
-3.4480,-4.6837,931.6883,18.1845
-5.4814,-4.9579,931.9240,1.8507
-5.0061,-4.2515,932.0399,4.3832
-5.3061,-4.5923,932.0802,2.0578
-4.9969,-5.0719,932.0840,0.0414
-4.4407,-6.0103,932.1133,10.1185
-5.0061,-5.4015,932.1254,1.2817
-4.0204,-4.6935,932.2508,8.0830
-4.9605,-3.7813,932.4801,11.2140
-5.0061,-4.9579,932.5901,0.0145
-4.9605,-4.9579,932.6046,0.0266
-4.9133,-5.5775,932.6312,2.6917
-5.0805,-4.6436,933.0119,1.0622
-5.0061,-4.9579,933.0983,0.0145
-5.0061,-4.1075,933.1040,6.1737
-4.0520,-5.0719,933.1128,6.9759
-4.9605,-5.0366,933.3038,0.0232
-5.3388,-4.9579,933.3271,0.9282
-4.4721,-4.9579,933.3574,2.2189
-5.7725,-4.9579,933.4071,4.6755
-5.0061,-4.9579,933.5377,0.0145
-5.0061,-5.0562,933.5521,0.0255
-5.0061,-4.9579,933.5777,0.0145
-5.3081,-5.0719,933.5921,0.7978
-5.0061,-5.2270,933.6566,0.4117
-5.0061,-5.6086,933.7747,2.9197
-4.3178,-4.9579,933.8246,3.6684
-5.7661,-4.9579,933.8501,4.5997
-5.0061,-5.6229,934.0683,3.0563
-4.7351,-3.9233,934.0741,9.3684
-5.6501,-5.8083,934.1308,8.2479
-5.0061,-4.9579,934.1380,0.0145
-5.4184,-4.9579,934.1524,1.4045
-4.4198,-4.9579,934.2294,2.6705
-5.0732,-5.4349,934.2553,1.5440
-5.0061,-5.9510,934.3517,6.9794
-5.7808,-4.9579,934.3899,4.7738
-5.3927,-4.9579,934.3989,1.2402
-5.0061,-4.9579,935.1805,0.0145
-5.0061,-4.9579,935.1949,0.0145
-4.7825,-4.9579,935.2094,0.3917
-4.7419,-4.9579,935.3229,0.5457
-4.6969,-4.9579,935.5570,0.7465
-5.7230,-5.9829,935.5763,11.2284
-4.7396,-5.0293,935.5902,0.5480
-5.6510,-5.4197,935.6011,4.6860
-5.3124,-4.9579,935.6390,0.7920
-4.9890,-4.9106,935.7992,0.0648
-5.0061,-4.9579,935.8641,0.0145
-4.9605,-4.4170,935.8686,2.6950
-4.7292,-4.9579,935.8785,0.5992
-4.7332,-5.4517,936.1382,2.1782
-5.0061,-4.9579,936.3035,0.0145
-5.0061,-4.9579,936.3179,0.0145
-5.4576,-4.9579,936.3324,1.6749
-5.0061,-4.9579,936.4231,0.0145
-5.0061,-4.9579,936.4310,0.0145
-4.9605,-5.2047,936.4375,0.3470
-4.9245,-4.9747,936.4455,0.0507
-5.5212,-5.4986,936.4778,4.0766
-4.9907,-4.9579,936.4962,0.0149
-5.3124,-5.0904,936.5111,0.8425
-5.0061,-5.9340,936.6945,6.7416
-5.9251,-4.9579,936.7845,6.6307
-5.0061,-4.9579,936.8999,0.0145
-4.6232,-4.5621,936.9143,2.6347
-4.0898,-5.1431,937.1246,6.5656
-5.0061,-5.3810,937.3536,1.1547
-5.0061,-4.9579,937.3690,0.0145
-5.0061,-5.7823,937.3835,4.7788
-5.0061,-4.9651,937.4682,0.0101
-5.2748,-4.9579,937.4782,0.6164
-5.0061,-4.9651,937.4931,0.0101
-5.3776,-4.9579,937.5031,1.1480
-4.9544,-4.8196,937.7661,0.2766
-5.5651,-5.4057,938.0073,3.7975
-4.8533,-4.9651,938.0427,0.1818
-5.0061,-4.9579,938.0826,0.0145
-5.1986,-4.7206,938.0946,0.9357
-5.2998,-4.9579,938.0971,0.7303
-5.0061,-5.4081,938.2245,1.3237
-5.0815,-4.9579,938.2569,0.0672
-5.2695,-4.5125,938.3164,2.4517
-5.0061,-4.9579,938.3242,0.0145
-5.0061,-4.9933,938.3386,0.0007
-5.4930,-5.0389,938.3393,1.9374
-5.0061,-5.4340,938.4498,1.4958
-4.9723,-5.7105,938.5083,3.9644
-5.0061,-5.3769,938.5636,1.1302
-5.0061,-4.9579,938.6511,0.0145
-5.0061,-4.9579,938.6656,0.0145
-5.0061,-5.9050,938.6800,6.3425
-5.0061,-4.9651,938.8274,0.0101
-6.2474,-4.9579,938.8374,11.7174
-5.4935,-5.5897,939.0304,4.6195
-5.0061,-4.9579,939.1637,0.0145
-4.2900,-4.9579,939.1782,3.9666
-5.0061,-4.9479,939.2777,0.0220
-5.6741,-5.1400,939.2997,3.7217
-5.0061,-4.9579,939.5482,0.0145
-5.0061,-4.3739,939.5490,3.0881
-5.0408,-4.9579,939.5626,0.0275
-4.8026,-4.9579,939.5901,0.3255
-4.9698,-5.1853,939.6937,0.2815
-5.0061,-4.9579,939.9156,0.0145
-4.5741,-5.9794,939.9300,8.7211
-4.6190,-3.9528,939.9456,9.4572
-4.8254,-4.7572,939.9752,0.7130
-5.0061,-4.9579,940.0887,0.0145
-5.0061,-4.8628,940.1031,0.1508
-5.0061,-4.9651,940.2539,0.0101
-5.1000,-3.9301,940.2640,8.8231
-5.1312,-4.9579,940.2767,0.1517
-4.5822,-4.9933,940.2871,1.3872
-5.2343,-4.9579,940.2931,0.4522
-5.0061,-4.9579,940.3338,0.0145
-5.0061,-4.9002,940.3482,0.0800
-5.0061,-4.9651,940.4283,0.0101
-5.0061,-4.8383,940.4284,0.2093
-5.2546,-4.9579,940.4310,0.5315
-5.0061,-4.9651,940.4383,0.0101
-5.5539,-4.9651,940.4484,2.4340
-4.3926,-5.0346,940.5543,2.9178
-5.0061,-4.9579,940.6377,0.0145
-5.0061,-4.9651,940.6521,0.0101
-5.0061,-6.0002,940.6622,7.6922
-5.0348,-4.9651,940.6882,0.0194
-4.8718,-4.9651,940.7076,0.1412
-5.0061,-4.9651,940.7453,0.0101
-5.0061,-4.9933,940.7554,0.0007
-5.2625,-4.9579,940.7560,0.5637
-5.0061,-4.4362,940.7680,2.5108
-4.9713,-4.9651,940.8488,0.0164
-4.4071,-4.6487,940.8652,3.7280
-5.0061,-4.9651,940.9625,0.0101
-5.0061,-5.1227,940.9725,0.1206
-4.1043,-4.9933,941.0931,6.2172
-5.0061,-4.9933,941.3197,0.0007
-5.5885,-4.7545,941.3204,3.2010
-5.5045,-4.8558,941.3312,2.1780
-4.9706,-3.9604,941.6743,8.2901
-4.6503,-4.2071,941.8048,5.8304
-5.0061,-4.9651,942.1623,0.0101
-5.0061,-4.6869,942.1724,0.7814
-4.3010,-4.9651,942.2317,3.8432
-5.0061,-4.9579,942.3788,0.0145
-4.6921,-4.9651,942.3932,0.7653
-5.0061,-4.9579,942.4727,0.0145
-6.1347,-4.6557,942.4871,10.6389
-5.0061,-4.9579,942.6371,0.0145
-5.0061,-4.9933,942.6515,0.0007
-5.0061,-4.5430,942.6522,1.6575
-4.8546,-4.0190,942.8283,7.5661
-5.0061,-4.9651,942.8824,0.0101
-5.0061,-4.9651,942.8924,0.0101
-5.5997,-4.9651,942.9025,2.8458
-5.0061,-4.9933,942.9537,0.0007
-4.5168,-4.9933,942.9544,1.8506
-5.0061,-5.0647,943.0214,0.0338
-5.1980,-4.9651,943.0552,0.3227
-5.0061,-4.8483,943.1448,0.1844
-5.0061,-4.6752,943.1585,0.8406
-5.0061,-4.7605,943.2306,0.4583
-5.0061,-4.9933,943.2789,0.0007
-5.0061,-4.9651,943.2795,0.0101
-5.0061,-5.3594,943.2896,1.0281
-5.0061,-4.9651,943.3292,0.0101
-5.0061,-5.2646,943.3393,0.5589
-5.0061,-5.6556,943.3779,3.3805
-4.9306,-4.9651,943.4152,0.0483
-5.0061,-4.7590,943.4361,0.4638
-3.9686,-5.2313,943.4425,8.5504
-5.0379,-4.0609,943.4635,6.8227
-5.0061,-4.9651,943.4721,0.0101
-4.5929,-5.7125,943.4822,5.2450
-5.0061,-5.1465,943.5091,0.1720
-5.0061,-4.9933,943.6499,0.0007
-5.1359,-4.9933,943.6505,0.1481
-5.0061,-4.8300,943.6811,0.2314
-4.6700,-5.6226,943.6889,3.8942
-5.0061,-4.9651,943.6902,0.0101
-4.9788,-5.2496,943.6941,0.5007
-5.0714,-5.7972,943.7002,4.9953
-5.0061,-4.9651,943.7986,0.0101
-5.0061,-5.3094,943.8087,0.7632
-4.9861,-5.0022,943.8982,0.0016
-5.0061,-5.5260,943.8998,2.1890
-5.0061,-4.9651,943.8999,0.0101
-5.0061,-4.9579,943.9100,0.0145
-4.7231,-4.9933,943.9125,0.6121
-4.5180,-4.9651,943.9244,1.8510
-5.2244,-4.8518,943.9991,0.5768
-4.5960,-5.0264,944.1948,1.3025
-4.5004,-4.9933,944.3097,1.9775
-4.9669,-4.9933,944.3177,0.0092
-5.0061,-4.9579,944.3269,0.0145
-4.7919,-4.9933,944.3413,0.3462
-5.0061,-5.4859,944.5215,1.8715
-4.5636,-4.8952,944.5245,1.5988
-5.1272,-4.4313,944.5718,2.6801
-5.0584,-4.9730,944.5758,0.0331
-4.9633,-5.0656,944.5932,0.0452
-4.5350,-4.9651,944.6090,1.7248
-5.0061,-4.6106,944.6383,1.2058
-5.0061,-4.9933,944.6875,0.0007
-5.8256,-4.7097,944.6882,5.9435
-5.3886,-4.9579,944.8050,1.2147
-5.5897,-4.9933,945.0225,2.7436
-5.1445,-4.9933,945.4973,0.1673
-5.0061,-4.7788,945.6646,0.3911
-4.9495,-5.5447,945.7483,2.3652
-4.5444,-4.1413,945.7754,7.2815
-5.1774,-5.2452,945.8441,0.7302
-4.4301,-4.9933,946.0196,2.5652
-5.7043,-4.8603,946.0557,4.0403
-5.2798,-5.6685,946.0749,4.1140
-5.0061,-5.0181,946.0888,0.0029
-4.5586,-4.3503,946.0917,4.8156
-5.0061,-4.9933,946.1233,0.0007
-5.0061,-4.4791,946.1239,2.1477
-5.4182,-4.7330,946.2871,1.9503
-4.9861,-5.0022,946.3338,0.0016
-5.0061,-4.8735,946.3353,0.1282
-4.8853,-4.7532,946.3930,0.5910
-5.0061,-4.9651,946.4635,0.0101
-4.9749,-4.9933,946.4736,0.0054
-5.0061,-4.9933,946.4790,0.0007
-5.0061,-4.9933,946.4796,0.0007
-5.0061,-4.5064,946.4803,1.9302
-4.9861,-5.0022,946.5744,0.0016
-4.9749,-4.7449,946.5759,0.5241
-5.8534,-4.5076,946.7584,7.4716
-5.0061,-4.9933,946.8047,0.0007
-4.4885,-5.1822,946.8054,2.3312
-5.0061,-4.9933,946.9839,0.0007
-4.6616,-4.9933,946.9846,0.9123
-4.9768,-4.9933,947.1001,0.0047
-5.0061,-4.8625,947.1048,0.1514
-4.9749,-4.7575,947.2519,0.4742
-4.6563,-4.9933,947.2562,0.9408
-4.8389,-4.9933,947.3103,0.2078
-5.0061,-4.0995,947.5181,6.2809
-4.5509,-5.3298,947.5831,2.4535
-4.9672,-4.9933,947.6352,0.0090
-5.0061,-4.9933,947.6442,0.0007
-4.9861,-4.7835,947.6449,0.3759
-5.1126,-4.9933,947.7261,0.1017
-5.0061,-4.9933,947.7662,0.0007
-4.9678,-4.5902,947.7668,1.3428
-5.0061,-4.3587,947.8278,3.2369
-5.0061,-4.9933,947.8969,0.0007
-5.0061,-5.9296,947.8976,6.6802
-4.6826,-5.9459,948.0208,7.6553
-5.7778,-4.9933,948.1135,4.7246
-4.7242,-5.3674,948.1969,1.6741
-5.0061,-5.0641,948.2374,0.0331
-4.8883,-4.6380,948.2705,1.1417
-4.9861,-5.6525,948.2717,3.3501
-4.2546,-4.9933,948.3544,4.3484
-4.9749,-4.0054,948.4105,7.6134
-4.9861,-4.8005,948.5848,0.3194
-5.0061,-4.9933,948.6511,0.0007
-5.0061,-5.9298,948.6518,6.6828
-4.9749,-4.9933,948.6956,0.0054
-4.8655,-5.5978,948.7010,2.9593
-5.0840,-4.4201,948.7272,2.7090
-5.0061,-4.4381,948.9042,2.4945
-5.0061,-4.3123,949.0870,3.7130
-5.0061,-5.2746,949.1097,0.6017
-5.0061,-5.9645,949.1366,7.1726
-5.1756,-4.9933,949.4028,0.2467
-4.1469,-4.7751,949.4122,6.0375
-5.5027,-4.2069,949.6496,6.8113
-5.0061,-4.9933,949.7114,0.0007
-5.0061,-4.9933,949.7120,0.0007
-5.8390,-4.9933,949.7127,5.4755
-4.5982,-5.3955,949.8711,2.5109
-5.0061,-4.9933,949.8728,0.0007
-5.2820,-4.9933,949.8734,0.6346
-5.3128,-5.0337,949.9643,0.7889
-5.0061,-4.9933,950.0366,0.0007
-4.5456,-4.9580,950.0373,1.6524
-5.0061,-4.7981,950.0960,0.3260
-5.0061,-3.8766,950.1889,9.6031
-4.6685,-3.7051,950.2862,13.3180
